2014-09-17T13:39:04+02:00;epochen;load;page;loaded
2014-09-17T13:39:04+02:00;epochen;load;data;true
2014-09-17T13:42:06+02:00;epochen;load;page;loaded
2014-09-17T13:42:06+02:00;epochen;load;data;true
2014-09-17T13:42:07+02:00;epochen;click;skip;true
2014-09-17T13:42:08+02:00;epochen;load;page;loaded
2014-09-17T13:42:08+02:00;epochen;load;data;true
2014-09-17T13:42:11+02:00;epochen;click;timeline;68,69
2014-09-17T13:42:16+02:00;epochen;click;timeline;54,55
2014-09-17T13:47:34+02:00;netzwerke;load;page;true
2014-09-17T13:48:11+02:00;epochen;load;page;loaded
2014-09-17T13:48:12+02:00;epochen;load;data;true
2014-09-17T13:48:13+02:00;epochen;click;skip;true
2014-09-17T13:48:13+02:00;epochen;load;page;loaded
2014-09-17T13:48:13+02:00;epochen;load;data;true
2014-09-17T13:48:21+02:00;epochen;click;timeline;55,56
2014-09-17T13:48:45+02:00;epochen;click;timeline;45,46
2014-09-17T13:48:47+02:00;epochen;click;timeline;48,78
2014-09-17T13:48:48+02:00;epochen;click;timeline;54,84
2014-09-17T13:48:54+02:00;epochen;click;help;false
2014-09-17T13:49:08+02:00;epochen;click;help;true
2014-09-17T13:49:09+02:00;epochen;click;help;false
2014-09-17T13:49:10+02:00;epochen;click;help;true
2014-09-17T13:49:47+02:00;epochen;click;navi;stream
2014-09-17T13:49:57+02:00;epochen;click;navi;list
2014-09-17T13:50:23+02:00;netzwerke;load;page;true
2014-09-17T13:57:38+02:00;netzwerke;load;page;true
2014-09-17T13:57:38+02:00;netzwerke;load;data;true
2014-09-17T13:57:46+02:00;netzwerke;click;timeline;left-arrow
2014-09-17T13:57:52+02:00;netzwerke;click;timeline;left-arrow
2014-09-17T13:57:53+02:00;netzwerke;click;timeline;left-arrow
2014-09-17T13:57:54+02:00;netzwerke;click;timeline;left-arrow
2014-09-17T13:59:07+02:00;netzwerke;resize;window;true
2014-09-17T13:59:07+02:00;netzwerke;resize;window;true
2014-09-17T13:59:07+02:00;netzwerke;resize;window;true
2014-09-17T13:59:07+02:00;netzwerke;resize;window;true
2014-09-17T13:59:07+02:00;netzwerke;resize;window;true
2014-09-17T13:59:07+02:00;netzwerke;resize;window;true
2014-09-17T13:59:07+02:00;netzwerke;resize;window;true
2014-09-17T13:59:12+02:00;netzwerke;resize;window;true
2014-09-17T13:59:12+02:00;netzwerke;resize;window;true
2014-09-17T13:59:12+02:00;netzwerke;resize;window;true
2014-09-17T13:59:13+02:00;netzwerke;resize;window;true
2014-09-17T13:59:13+02:00;netzwerke;resize;window;true
2014-09-17T14:02:24+02:00;netzwerke;load;page;true
2014-09-17T14:02:24+02:00;netzwerke;load;data;true
2014-09-17T14:02:29+02:00;netzwerke;resize;window;1836,1012
2014-09-17T14:02:29+02:00;netzwerke;resize;window;1796,1009
2014-09-17T14:02:29+02:00;netzwerke;resize;window;1784,1008
2014-09-17T14:02:29+02:00;netzwerke;resize;window;1798,1011
2014-09-17T14:02:29+02:00;netzwerke;resize;window;1816,1013
2014-09-17T14:02:29+02:00;netzwerke;resize;window;1829,1013
2014-09-17T14:02:29+02:00;netzwerke;resize;window;1833,1013
2014-09-17T14:02:49+02:00;netzwerke;resize;window;1833,989
2014-09-17T14:02:49+02:00;netzwerke;resize;window;1802,970
2014-09-17T14:02:49+02:00;netzwerke;resize;window;1778,951
2014-09-17T14:02:49+02:00;netzwerke;resize;window;1768,947
2014-09-17T14:02:49+02:00;netzwerke;resize;window;1768,948
2014-09-17T14:02:49+02:00;netzwerke;resize;window;1772,954
2014-09-17T14:02:50+02:00;netzwerke;resize;window;1776,959
2014-09-17T14:02:50+02:00;netzwerke;resize;window;1780,964
2014-09-17T14:02:50+02:00;netzwerke;resize;window;1789,976
2014-09-17T14:02:50+02:00;netzwerke;resize;window;1793,980
2014-09-17T14:02:50+02:00;netzwerke;resize;window;1803,994
2014-09-17T14:02:50+02:00;netzwerke;resize;window;1807,1001
2014-09-17T14:02:50+02:00;netzwerke;resize;window;1814,1011
2014-09-17T14:02:50+02:00;netzwerke;resize;window;1816,1013
2014-09-17T14:02:56+02:00;netzwerke;resize;window;1801,542
2014-09-17T14:14:13+02:00;netzwerke;resize;window;1816,1013
2014-09-17T14:14:27+02:00;netzwerke;click;timeline;right-arrow
2014-09-17T14:14:28+02:00;netzwerke;click;timeline;left-arrow
2014-09-17T14:14:29+02:00;netzwerke;click;timeline;left-arrow
2014-09-17T14:14:30+02:00;netzwerke;click;timeline;left-arrow
2014-09-17T14:14:58+02:00;netzwerke;load;page;true
2014-09-17T14:14:58+02:00;netzwerke;load;data;true
2014-09-17T14:15:07+02:00;netzwerke;click;timeline-left-button;80
2014-09-17T14:15:09+02:00;netzwerke;click;timeline-left-button;79
2014-09-17T14:15:17+02:00;netzwerke;click;timeline-right-button;80
2014-09-17T14:15:17+02:00;netzwerke;click;timeline-right-button;81
2014-09-17T14:15:18+02:00;netzwerke;click;timeline-left-button;80
2014-09-17T14:15:19+02:00;netzwerke;click;timeline-left-button;79
2014-09-17T14:15:20+02:00;netzwerke;click;timeline-left-button;78
2014-09-17T14:15:22+02:00;netzwerke;click;timeline-left-button;77
2014-09-17T14:15:23+02:00;netzwerke;click;timeline-left-button;76
2014-09-17T14:15:24+02:00;netzwerke;click;timeline-left-button;75
2014-09-17T14:15:25+02:00;netzwerke;click;timeline-left-button;74
2014-09-17T14:15:27+02:00;netzwerke;click;timeline-right-button;75
2014-09-17T14:15:29+02:00;netzwerke;click;timeline-left-button;74
2014-09-17T14:15:31+02:00;netzwerke;click;timeline-right-button;75
2014-09-17T14:15:31+02:00;netzwerke;click;timeline-right-button;76
2014-09-17T14:15:33+02:00;netzwerke;click;timeline-right-button;77
2014-09-17T14:15:34+02:00;netzwerke;click;timeline-right-button;78
2014-09-17T14:15:35+02:00;netzwerke;click;timeline-right-button;79
2014-09-17T14:15:37+02:00;netzwerke;click;timeline-left-button;78
2014-09-17T14:15:39+02:00;netzwerke;click;timeline-right-button;79
2014-09-17T14:15:41+02:00;netzwerke;click;timeline-left-button;78
2014-09-17T14:15:42+02:00;netzwerke;click;timeline-right-button;79
2014-09-17T14:15:44+02:00;netzwerke;click;timeline-left-button;78
2014-09-17T14:15:45+02:00;netzwerke;click;timeline-left-button;77
2014-09-17T14:15:46+02:00;netzwerke;click;timeline-left-button;76
2014-09-17T14:15:48+02:00;netzwerke;click;timeline-left-button;75
2014-09-17T14:16:52+02:00;netzwerke;click;timeline-left-button;74
2014-09-17T14:16:52+02:00;netzwerke;click;timeline-left-button;73
2014-09-17T14:16:54+02:00;netzwerke;click;timeline-left-button;72
2014-09-17T14:16:55+02:00;netzwerke;click;timeline-left-button;71
2014-09-17T14:16:57+02:00;netzwerke;click;timeline-left-button;70
2014-09-17T14:16:58+02:00;netzwerke;click;timeline-left-button;69
2014-09-17T14:16:59+02:00;netzwerke;click;timeline-left-button;68
2014-09-17T14:17:02+02:00;netzwerke;click;timeline-left-button;67
2014-09-17T14:17:03+02:00;netzwerke;click;timeline-left-button;66
2014-09-17T14:17:04+02:00;netzwerke;click;timeline-left-button;65
2014-09-17T14:17:06+02:00;netzwerke;click;timeline-left-button;64
2014-09-17T14:17:07+02:00;netzwerke;click;timeline-left-button;63
2014-09-17T14:17:09+02:00;netzwerke;click;timeline-right-button;64
2014-09-17T14:17:09+02:00;netzwerke;click;timeline-right-button;65
2014-09-17T14:17:10+02:00;netzwerke;click;timeline-right-button;66
2014-09-17T14:17:11+02:00;netzwerke;click;timeline-right-button;67
2014-09-17T14:17:11+02:00;netzwerke;click;timeline-right-button;68
2014-09-17T14:17:12+02:00;netzwerke;click;timeline-right-button;69
2014-09-17T14:17:13+02:00;netzwerke;click;timeline-right-button;70
2014-09-17T14:17:14+02:00;netzwerke;click;timeline-right-button;71
2014-09-17T14:17:15+02:00;netzwerke;click;timeline-right-button;72
2014-09-17T14:17:15+02:00;netzwerke;click;timeline-right-button;73
2014-09-17T14:17:17+02:00;netzwerke;click;timeline-left-button;72
2014-09-17T14:17:18+02:00;netzwerke;click;timeline-left-button;71
2014-09-17T14:17:19+02:00;netzwerke;click;timeline-left-button;70
2014-09-17T14:18:06+02:00;netzwerke;load;page;true
2014-09-17T14:18:06+02:00;netzwerke;load;data;true
2014-09-17T14:19:05+02:00;netzwerke;resize;window;1801,542
2014-09-17T14:19:17+02:00;netzwerke;resize;window;1816,1013
2014-09-17T14:20:32+02:00;netzwerke;load;page;true
2014-09-17T14:22:12+02:00;netzwerke;load;page;true
2014-09-17T14:22:12+02:00;netzwerke;load;data;true
2014-09-17T14:23:15+02:00;netzwerke;load;page;true
2014-09-17T14:23:15+02:00;netzwerke;load;data;true
2014-09-17T14:23:42+02:00;netzwerke;resize;window;1801,542
2014-09-17T14:24:08+02:00;netzwerke;load;page;true
2014-09-17T14:24:08+02:00;netzwerke;load;data;true
2014-09-17T14:24:10+02:00;netzwerke;load;page;true
2014-09-17T14:24:10+02:00;netzwerke;load;data;true
2014-09-17T14:25:08+02:00;netzwerke;load;page;true
2014-09-17T14:25:08+02:00;netzwerke;load;data;true
2014-09-17T14:25:30+02:00;netzwerke;load;page;true
2014-09-17T14:25:30+02:00;netzwerke;load;data;true
2014-09-17T14:26:02+02:00;netzwerke;load;page;true
2014-09-17T14:26:02+02:00;netzwerke;load;data;true
2014-09-17T14:26:42+02:00;netzwerke;resize;window;1816,1013
2014-09-17T14:51:11+02:00;netzwerke;load;page;true
2014-09-17T14:51:11+02:00;netzwerke;load;data;true
2014-09-17T14:52:13+02:00;netzwerke;load;page;true
2014-09-17T14:52:13+02:00;netzwerke;load;data;true
2014-09-17T14:52:55+02:00;netzwerke;load;page;true
2014-09-17T14:52:55+02:00;netzwerke;load;data;true
2014-09-17T14:57:07+02:00;netzwerke;load;page;true
2014-09-17T14:57:08+02:00;netzwerke;load;data;true
2014-09-17T15:02:17+02:00;netzwerke;load;page;true
2014-09-17T15:02:17+02:00;netzwerke;load;data;true
2014-09-17T15:10:31+02:00;netzwerke;resize;window;1801,542
2014-09-17T15:11:58+02:00;netzwerke;load;page;true
2014-09-17T15:11:58+02:00;netzwerke;load;data;true
2014-09-17T15:12:57+02:00;netzwerke;load;page;true
2014-09-17T15:12:57+02:00;netzwerke;load;data;true
2014-09-17T15:13:41+02:00;netzwerke;load;page;true
2014-09-17T15:13:41+02:00;netzwerke;load;data;true
2014-09-17T15:13:56+02:00;netzwerke;load;page;true
2014-09-17T15:13:57+02:00;netzwerke;load;data;true
2014-09-17T15:14:13+02:00;netzwerke;load;page;true
2014-09-17T15:14:13+02:00;netzwerke;load;data;true
2014-09-17T15:14:40+02:00;netzwerke;load;page;true
2014-09-17T15:14:41+02:00;netzwerke;load;data;true
2014-09-17T15:15:14+02:00;netzwerke;load;page;true
2014-09-17T15:15:15+02:00;netzwerke;load;data;true
2014-09-17T15:15:31+02:00;netzwerke;load;page;true
2014-09-17T15:15:31+02:00;netzwerke;load;data;true
2014-09-17T15:35:02+02:00;netzwerke;load;page;true
2014-09-17T15:35:02+02:00;netzwerke;load;data;true
2014-09-17T15:35:03+02:00;netzwerke;load;page;true
2014-09-17T15:35:03+02:00;netzwerke;load;data;true
2014-09-17T15:44:59+02:00;netzwerke;load;page;true
2014-09-17T15:44:59+02:00;netzwerke;load;data;true
2014-09-17T15:45:07+02:00;netzwerke;resize;window;1801,543
2014-09-17T15:45:07+02:00;netzwerke;resize;window;1801,572
2014-09-17T15:45:07+02:00;netzwerke;resize;window;1801,595
2014-09-17T15:45:07+02:00;netzwerke;resize;window;1816,751
2014-09-17T15:45:07+02:00;netzwerke;resize;window;1816,825
2014-09-17T15:45:07+02:00;netzwerke;resize;window;1816,863
2014-09-17T15:45:07+02:00;netzwerke;resize;window;1816,872
2014-09-17T15:46:31+02:00;netzwerke;load;page;true
2014-09-17T15:46:31+02:00;netzwerke;load;data;true
2014-09-17T15:46:42+02:00;netzwerke;resize;window;1816,1013
2014-09-17T15:54:20+02:00;netzwerke;load;page;true
2014-09-17T15:55:10+02:00;netzwerke;load;page;true
2014-09-17T15:55:11+02:00;netzwerke;load;data;true
2014-09-17T15:55:13+02:00;netzwerke;zoom;canvas;1.4580429347818824
2014-09-17T15:55:16+02:00;netzwerke;zoom;canvas;1.4580429347818824
2014-09-17T15:55:18+02:00;netzwerke;zoom;canvas;1.4580429347818824
2014-09-17T15:55:19+02:00;netzwerke;zoom;canvas;3.204507261535436
2014-09-17T15:55:20+02:00;netzwerke;zoom;canvas;3.204507261535436
2014-09-17T15:55:21+02:00;netzwerke;zoom;canvas;3.204507261535436
2014-09-17T15:55:22+02:00;netzwerke;zoom;canvas;0.8705431973645371
2014-09-17T15:55:48+02:00;netzwerke;zoom;canvas;0.8705431973645371
2014-09-17T15:55:49+02:00;netzwerke;zoom;canvas;0.8705431973645371
2014-09-17T15:55:49+02:00;netzwerke;zoom;canvas;0.8705431973645371
2014-09-17T15:55:51+02:00;netzwerke;zoom;canvas;0.8705431973645371
2014-09-17T15:55:52+02:00;netzwerke;zoom;canvas;0.8705431973645371
2014-09-17T15:55:53+02:00;netzwerke;zoom;canvas;0.8753842190782366
2014-09-17T15:55:53+02:00;netzwerke;zoom;canvas;1.549753298065171
2014-09-17T15:55:54+02:00;netzwerke;zoom;canvas;1.5583713533087515
2014-09-17T15:55:54+02:00;netzwerke;zoom;canvas;2.713373951691703
2014-09-17T15:55:54+02:00;netzwerke;zoom;canvas;3.501833163312122
2014-09-17T15:55:55+02:00;netzwerke;zoom;canvas;6.8884047812321985
2014-09-17T15:55:55+02:00;netzwerke;zoom;canvas;9.449236433722211
2014-09-17T15:55:56+02:00;netzwerke;zoom;canvas;3.8909424149263283
2014-09-17T15:55:57+02:00;netzwerke;zoom;canvas;2.310289635906028
2014-09-17T15:55:57+02:00;netzwerke;zoom;canvas;2.3231369734375997
2014-09-17T15:55:57+02:00;netzwerke;zoom;canvas;1.4499797125384921
2014-09-17T15:55:57+02:00;netzwerke;zoom;canvas;1.1360381080906792
2014-09-17T15:55:58+02:00;netzwerke;zoom;canvas;0.7371208871655178
2014-09-17T15:55:58+02:00;netzwerke;zoom;canvas;0.5743297389352315
2014-09-17T15:55:59+02:00;netzwerke;zoom;canvas;0.5743297389352315
2014-09-17T15:55:59+02:00;netzwerke;zoom;canvas;0.9253000436682716
2014-09-17T15:56:00+02:00;netzwerke;zoom;canvas;1.2277510585506475
2014-09-17T15:56:01+02:00;netzwerke;resize;window;1816,1013
2014-09-17T15:56:02+02:00;netzwerke;zoom;canvas;1.2277510585506475
2014-09-17T15:58:47+02:00;netzwerke;load;page;true
2014-09-17T15:58:47+02:00;netzwerke;load;data;true
2014-09-17T15:58:49+02:00;netzwerke;resize;window;1801,551
2014-09-17T15:58:51+02:00;netzwerke;zoom;canvas;scale:undefined, translate: undefined
2014-09-17T15:58:53+02:00;netzwerke;zoom;canvas;scale:undefined, translate: undefined
2014-09-17T15:59:29+02:00;netzwerke;load;page;true
2014-09-17T15:59:29+02:00;netzwerke;load;data;true
2014-09-17T15:59:31+02:00;netzwerke;zoom;canvas;scale:undefined, translate: undefined
2014-09-17T16:00:44+02:00;netzwerke;load;page;true
2014-09-17T16:00:44+02:00;netzwerke;load;data;true
2014-09-17T16:01:00+02:00;netzwerke;load;page;true
2014-09-17T16:01:00+02:00;netzwerke;load;data;true
2014-09-17T16:01:01+02:00;netzwerke;zoom;canvas;scale:undefined, translate: undefined
2014-09-17T16:02:55+02:00;netzwerke;zoom;canvas;scale:undefined, translate: undefined
2014-09-17T16:02:57+02:00;netzwerke;load;page;true
2014-09-17T16:02:57+02:00;netzwerke;load;data;true
2014-09-17T16:02:59+02:00;netzwerke;zoom;canvas;scale:1, translate: 169,-37
2014-09-17T16:03:01+02:00;netzwerke;zoom;canvas;scale:1, translate: -114,-2
2014-09-17T16:03:02+02:00;netzwerke;zoom;canvas;scale:0.9944698320940752, translate: -109.12239190697437,0.22312749818172506
2014-09-17T16:03:02+02:00;netzwerke;zoom;canvas;scale:0.9726533014345902, translate: -89.88021186530852,8.993372823294749
2014-09-17T16:03:02+02:00;netzwerke;zoom;canvas;scale:0.9408226048637638, translate: -61.80553748983971,21.789312844766982
2014-09-17T16:03:04+02:00;netzwerke;zoom;canvas;scale:0.9408226048637638, translate: -237.8055374898397,27.789312844766982
2014-09-17T16:03:04+02:00;netzwerke;zoom;canvas;scale:0.9460544447916078, translate: -242.6313352939868,25.93079370595001
2014-09-17T16:03:04+02:00;netzwerke;zoom;canvas;scale:0.9566055679772258, translate: -252.36358777163912,22.18269272294316
2014-09-17T16:03:05+02:00;netzwerke;zoom;canvas;scale:0.9726533014345903, translate: -267.1658596201971,16.482017592112925
2014-09-17T16:03:05+02:00;netzwerke;zoom;canvas;scale:0.9780621493428862, translate: -272.154927848356,14.499449352666659
2014-09-17T16:03:05+02:00;netzwerke;zoom;canvas;scale:0.9835010754256476, translate: -277.17173988945456,12.505856208396494
2014-09-17T16:03:06+02:00;netzwerke;zoom;canvas;scale:0.9889702469452185, translate: -282.2164500246374,10.501176850680679
2014-09-17T16:03:06+02:00;netzwerke;zoom;canvas;scale:0.9944698320940756, translate: -287.2892133929944,8.485349629964901
2014-09-17T16:03:07+02:00;netzwerke;zoom;canvas;scale:1.0000000000000004, translate: -292.3901859963314,6.458312553866733
2014-09-17T16:03:09+02:00;netzwerke;zoom;canvas;scale:1.0000000000000004, translate: -408.3901859963314,-30.541687446133267
2014-09-17T16:03:09+02:00;netzwerke;zoom;canvas;scale:1.0055609207312808, translate: -413.61962127713093,-32.568874873268385
2014-09-17T16:03:09+02:00;netzwerke;zoom;canvas;scale:1.1172947010317005, translate: -518.6929717159157,-73.30049568871885
2014-09-17T16:03:09+02:00;netzwerke;zoom;canvas;scale:1.2552894101622427, translate: -648.4618419016961,-123.60531981380507
2014-09-17T16:03:10+02:00;netzwerke;zoom;canvas;scale:1.2552894101622427, translate: -258.46184190169606,-74.60531981380507
2014-09-17T16:03:19+02:00;netzwerke;zoom;canvas;scale:0.5, translate: 470.45715685392497,260.2960187078033
2014-09-17T16:03:20+02:00;netzwerke;zoom;canvas;scale:0.5, translate: 280.45715685392497,124.29601870780328
2014-09-17T16:03:21+02:00;netzwerke;zoom;canvas;scale:1.3122885335580925, translate: -524.5903818947413,-208.26137484688002
2014-09-17T16:03:22+02:00;netzwerke;zoom;canvas;scale:1.3122885335580925, translate: -279.5903818947413,-62.26137484688002
2014-09-17T16:03:23+02:00;netzwerke;zoom;canvas;scale:1.3642314045756903, translate: -321.1747433393439,-78.3419711894291
2014-09-17T16:03:23+02:00;netzwerke;zoom;canvas;scale:1.3642314045756903, translate: -329.1747433393439,163.6580288105709
2014-09-17T16:03:24+02:00;netzwerke;zoom;canvas;scale:2.3491457565386393, translate: -1196.3694435656525,2.415066595827625
2014-09-17T16:03:24+02:00;netzwerke;zoom;canvas;scale:2.33615458606949, translate: -1184.93101325125,4.541885851641609
2014-09-17T16:03:24+02:00;netzwerke;zoom;canvas;scale:2.3232352589543295, translate: -1173.5558393770668,6.656943439865358
2014-09-17T16:03:25+02:00;netzwerke;zoom;canvas;scale:2.3232352589543295, translate: -1180.555839377067,-171.34305656013464
2014-09-17T16:03:26+02:00;netzwerke;zoom;canvas;scale:2.3232352589543295, translate: -1562.555839377067,-174.34305656013464
2014-09-17T16:03:26+02:00;netzwerke;zoom;canvas;scale:2.3232352589543295, translate: -1836.555839377067,-17.34305656013464
2014-09-17T16:03:28+02:00;netzwerke;zoom;canvas;scale:2.3232352589543295, translate: -1059.555839377067,-5.343056560134585
2014-09-17T16:03:29+02:00;netzwerke;zoom;canvas;scale:2.3232352589543295, translate: -792.5558393770671,-34.343056560134585
2014-09-17T16:03:29+02:00;netzwerke;zoom;canvas;scale:2.3232352589543295, translate: -609.5558393770671,-132.34305656013453
2014-09-17T16:03:30+02:00;netzwerke;zoom;canvas;scale:2.3232352589543295, translate: -608.5558393770671,-269.3430565601345
2014-09-17T16:03:31+02:00;netzwerke;zoom;canvas;scale:2.3232352589543295, translate: -690.5558393770671,-405.3430565601345
2014-09-17T16:03:31+02:00;netzwerke;zoom;canvas;scale:2.3232352589543295, translate: -718.5558393770671,-417.3430565601345
2014-09-17T16:03:34+02:00;netzwerke;zoom;canvas;scale:2.3232352589543295, translate: -1252.555839377067,-572.3430565601345
2014-09-17T16:03:34+02:00;netzwerke;zoom;canvas;scale:2.3232352589543295, translate: -1500.555839377067,-419.3430565601345
2014-09-17T16:03:36+02:00;netzwerke;zoom;canvas;scale:2.2224197844367235, translate: -1402.72066926367,-383.57115782878986
2014-09-17T16:03:36+02:00;netzwerke;zoom;canvas;scale:2.2224197844367235, translate: -769.7206692636701,-311.57115782878986
2014-09-17T16:03:38+02:00;netzwerke;zoom;canvas;scale:2.2224197844367235, translate: -946.7206692636701,-499.57115782878986
2014-09-17T16:03:40+02:00;netzwerke;resize;window;1816,1013
2014-09-17T16:03:40+02:00;netzwerke;zoom;canvas;scale:2.2224197844367235, translate: -965.7206692636701,-195.57115782878986
2014-09-17T16:03:59+02:00;netzwerke;zoom;canvas;scale:2.2224197844367235, translate: -965.7206692636701,-195.57115782878986
2014-09-17T16:04:00+02:00;netzwerke;load;page;true
2014-09-17T16:04:00+02:00;netzwerke;load;data;true
2014-09-17T16:04:02+02:00;netzwerke;zoom/drag;canvas;scale:1, translate: -169,-50
2014-09-17T16:04:04+02:00;netzwerke;zoom/drag;canvas;scale:1, translate: 2,9
2014-09-17T16:04:07+02:00;netzwerke;zoom/drag;canvas;scale:1, translate: -332,-45
2014-09-17T16:04:08+02:00;netzwerke;zoom/drag;canvas;scale:1, translate: -42,-21
2014-09-17T16:04:09+02:00;netzwerke;zoom/drag;canvas;scale:1.0055609207312803, translate: -46.6266860484252,-24.381039804618467
2014-09-17T16:04:09+02:00;netzwerke;zoom/drag;canvas;scale:1.0395818981034313, translate: -74.93213922205484,-45.06579404688625
2014-09-17T16:04:09+02:00;netzwerke;zoom/drag;canvas;scale:1.1111158737345948, translate: -134.44840694718278,-88.55845123063364
2014-09-17T16:04:09+02:00;netzwerke;zoom/drag;canvas;scale:1.2277510585506464, translate: -231.48888071413774,-159.47264359879296
2014-09-17T16:04:10+02:00;netzwerke;zoom/drag;canvas;scale:1.2277510585506464, translate: -472.48888071413785,-225.47264359879296
2014-09-17T16:04:12+02:00;netzwerke;zoom/drag;canvas;scale:1.2277510585506464, translate: -110.48888071413785,-160.47264359879296
2014-09-17T16:04:13+02:00;netzwerke;zoom/drag;canvas;scale:1.2277510585506464, translate: -343.48888071413785,-35.472643598792956
2014-09-17T16:04:13+02:00;netzwerke;zoom/drag;canvas;scale:1.8713185627551825, translate: -980.6287470588704,-274.7483159206047
2014-09-17T16:04:14+02:00;netzwerke;zoom/drag;canvas;scale:1.8713185627551825, translate: -1058.6287470588704,-168.74831592060468
2014-09-17T16:04:45+02:00;netzwerke;zoom/drag;canvas;scale:1.8713185627551825, translate: -1010.6287470588704,-288.7483159206047
2014-09-17T16:04:45+02:00;netzwerke;zoom/drag;canvas;scale:1.8713185627551825, translate: -853.6287470588704,-386.7483159206047
2014-09-17T16:04:46+02:00;netzwerke;zoom/drag;canvas;scale:1.8713185627551825, translate: -595.6287470588704,-590.7483159206047
2014-09-17T16:04:47+02:00;netzwerke;zoom/drag;canvas;scale:1.8713185627551825, translate: -923.6287470588704,-630.7483159206047
2014-09-17T16:04:48+02:00;netzwerke;zoom/drag;canvas;scale:1.8713185627551825, translate: -998.6287470588704,-504.7483159206047
2014-09-17T16:08:00+02:00;netzwerke;load;page;true
2014-09-17T16:08:00+02:00;netzwerke;load;data;true
2014-09-17T16:08:02+02:00;netzwerke;resize;window;1801,551
2014-09-17T16:08:13+02:00;netzwerke;load;page;true
2014-09-17T16:08:14+02:00;netzwerke;load;data;true
2014-09-17T16:08:16+02:00;netzwerke;select-epoch;timeline;4. Jahrhundert
2014-09-17T16:08:16+02:00;netzwerke;select-epoch;timeline;4. Jahrhundert
2014-09-17T16:08:20+02:00;netzwerke;select-epoch;timeline;5. Jahrhundert
2014-09-17T16:08:20+02:00;netzwerke;select-epoch;timeline;5. Jahrhundert
2014-09-17T16:08:20+02:00;netzwerke;select-epoch;timeline;5. Jahrhundert
2014-09-17T16:08:20+02:00;netzwerke;select-epoch;timeline;5. Jahrhundert
2014-09-17T16:08:20+02:00;netzwerke;select-epoch;timeline;5. Jahrhundert
2014-09-17T16:08:20+02:00;netzwerke;select-epoch;timeline;5. Jahrhundert
2014-09-17T16:08:20+02:00;netzwerke;select-epoch;timeline;5. Jahrhundert
2014-09-17T16:08:20+02:00;netzwerke;select-epoch;timeline;5. Jahrhundert
2014-09-17T16:08:20+02:00;netzwerke;select-epoch;timeline;5. Jahrhundert
2014-09-17T16:08:21+02:00;netzwerke;select-epoch;timeline;5. Jahrhundert
2014-09-17T16:08:21+02:00;netzwerke;select-epoch;timeline;5. Jahrhundert
2014-09-17T16:08:21+02:00;netzwerke;select-epoch;timeline;5. Jahrhundert
2014-09-17T16:08:21+02:00;netzwerke;select-epoch;timeline;6. Jahrhundert
2014-09-17T16:08:21+02:00;netzwerke;select-epoch;timeline;6. Jahrhundert
2014-09-17T16:08:21+02:00;netzwerke;select-epoch;timeline;6. Jahrhundert
2014-09-17T16:08:21+02:00;netzwerke;select-epoch;timeline;6. Jahrhundert
2014-09-17T16:08:21+02:00;netzwerke;select-epoch;timeline;6. Jahrhundert
2014-09-17T16:08:21+02:00;netzwerke;select-epoch;timeline;6. Jahrhundert
2014-09-17T16:08:21+02:00;netzwerke;select-epoch;timeline;6. Jahrhundert
2014-09-17T16:08:21+02:00;netzwerke;select-epoch;timeline;6. Jahrhundert
2014-09-17T16:08:21+02:00;netzwerke;select-epoch;timeline;6. Jahrhundert
2014-09-17T16:08:22+02:00;netzwerke;select-epoch;timeline;6. Jahrhundert
2014-09-17T16:08:22+02:00;netzwerke;select-epoch;timeline;6. Jahrhundert
2014-09-17T16:08:22+02:00;netzwerke;select-epoch;timeline;6. Jahrhundert
2014-09-17T16:08:22+02:00;netzwerke;select-epoch;timeline;6. Jahrhundert
2014-09-17T16:08:22+02:00;netzwerke;select-epoch;timeline;7. Jahrhundert
2014-09-17T16:08:22+02:00;netzwerke;select-epoch;timeline;7. Jahrhundert
2014-09-17T16:08:22+02:00;netzwerke;select-epoch;timeline;7. Jahrhundert
2014-09-17T16:08:22+02:00;netzwerke;select-epoch;timeline;7. Jahrhundert
2014-09-17T16:08:23+02:00;netzwerke;select-epoch;timeline;7. Jahrhundert
2014-09-17T16:08:23+02:00;netzwerke;select-epoch;timeline;7. Jahrhundert
2014-09-17T16:08:23+02:00;netzwerke;select-epoch;timeline;7. Jahrhundert
2014-09-17T16:08:23+02:00;netzwerke;select-epoch;timeline;7. Jahrhundert
2014-09-17T16:08:23+02:00;netzwerke;select-epoch;timeline;7. Jahrhundert
2014-09-17T16:08:23+02:00;netzwerke;select-epoch;timeline;7. Jahrhundert
2014-09-17T16:08:23+02:00;netzwerke;select-epoch;timeline;7. Jahrhundert
2014-09-17T16:08:23+02:00;netzwerke;select-epoch;timeline;7. Jahrhundert
2014-09-17T16:08:23+02:00;netzwerke;select-epoch;timeline;7. Jahrhundert
2014-09-17T16:08:23+02:00;netzwerke;select-epoch;timeline;8. Jahrhundert
2014-09-17T16:08:23+02:00;netzwerke;select-epoch;timeline;8. Jahrhundert
2014-09-17T16:08:23+02:00;netzwerke;select-epoch;timeline;8. Jahrhundert
2014-09-17T16:08:23+02:00;netzwerke;select-epoch;timeline;8. Jahrhundert
2014-09-17T16:08:23+02:00;netzwerke;select-epoch;timeline;8. Jahrhundert
2014-09-17T16:08:24+02:00;netzwerke;select-epoch;timeline;8. Jahrhundert
2014-09-17T16:08:24+02:00;netzwerke;select-epoch;timeline;8. Jahrhundert
2014-09-17T16:08:24+02:00;netzwerke;select-epoch;timeline;8. Jahrhundert
2014-09-17T16:08:24+02:00;netzwerke;select-epoch;timeline;8. Jahrhundert
2014-09-17T16:08:24+02:00;netzwerke;select-epoch;timeline;8. Jahrhundert
2014-09-17T16:08:24+02:00;netzwerke;select-epoch;timeline;8. Jahrhundert
2014-09-17T16:08:24+02:00;netzwerke;select-epoch;timeline;8. Jahrhundert
2014-09-17T16:08:24+02:00;netzwerke;select-epoch;timeline;8. Jahrhundert
2014-09-17T16:08:24+02:00;netzwerke;select-epoch;timeline;8. Jahrhundert
2014-09-17T16:08:24+02:00;netzwerke;select-epoch;timeline;9. Jahrhundert
2014-09-17T16:08:25+02:00;netzwerke;select-epoch;timeline;9. Jahrhundert
2014-09-17T16:08:25+02:00;netzwerke;select-epoch;timeline;9. Jahrhundert
2014-09-17T16:08:25+02:00;netzwerke;select-epoch;timeline;9. Jahrhundert
2014-09-17T16:08:25+02:00;netzwerke;select-epoch;timeline;9. Jahrhundert
2014-09-17T16:08:25+02:00;netzwerke;select-epoch;timeline;9. Jahrhundert
2014-09-17T16:08:25+02:00;netzwerke;select-epoch;timeline;9. Jahrhundert
2014-09-17T16:08:26+02:00;netzwerke;select-epoch;timeline;9. Jahrhundert
2014-09-17T16:08:26+02:00;netzwerke;select-epoch;timeline;9. Jahrhundert
2014-09-17T16:08:26+02:00;netzwerke;select-epoch;timeline;9. Jahrhundert
2014-09-17T16:08:26+02:00;netzwerke;select-epoch;timeline;9. Jahrhundert
2014-09-17T16:08:26+02:00;netzwerke;select-epoch;timeline;9. Jahrhundert
2014-09-17T16:08:26+02:00;netzwerke;select-epoch;timeline;9. Jahrhundert
2014-09-17T16:08:26+02:00;netzwerke;select-epoch;timeline;9. Jahrhundert
2014-09-17T16:08:26+02:00;netzwerke;select-epoch;timeline;9. Jahrhundert
2014-09-17T16:08:27+02:00;netzwerke;select-epoch;timeline;9. Jahrhundert
2014-09-17T16:08:27+02:00;netzwerke;select-epoch;timeline;9. Jahrhundert
2014-09-17T16:08:27+02:00;netzwerke;select-epoch;timeline;9. Jahrhundert
2014-09-17T16:08:27+02:00;netzwerke;select-epoch;timeline;9. Jahrhundert
2014-09-17T16:08:27+02:00;netzwerke;select-epoch;timeline;9. Jahrhundert
2014-09-17T16:08:27+02:00;netzwerke;select-epoch;timeline;9. Jahrhundert
2014-09-17T16:08:27+02:00;netzwerke;select-epoch;timeline;9. Jahrhundert
2014-09-17T16:08:27+02:00;netzwerke;select-epoch;timeline;9. Jahrhundert
2014-09-17T16:08:27+02:00;netzwerke;select-epoch;timeline;9. Jahrhundert
2014-09-17T16:08:27+02:00;netzwerke;select-epoch;timeline;8. Jahrhundert
2014-09-17T16:08:28+02:00;netzwerke;select-epoch;timeline;9. Jahrhundert
2014-09-17T16:08:28+02:00;netzwerke;select-epoch;timeline;9. Jahrhundert
2014-09-17T16:08:28+02:00;netzwerke;select-epoch;timeline;9. Jahrhundert
2014-09-17T16:08:28+02:00;netzwerke;select-epoch;timeline;9. Jahrhundert
2014-09-17T16:08:28+02:00;netzwerke;select-epoch;timeline;9. Jahrhundert
2014-09-17T16:08:28+02:00;netzwerke;select-epoch;timeline;9. Jahrhundert
2014-09-17T16:08:28+02:00;netzwerke;select-epoch;timeline;9. Jahrhundert
2014-09-17T16:08:28+02:00;netzwerke;select-epoch;timeline;9. Jahrhundert
2014-09-17T16:08:28+02:00;netzwerke;select-epoch;timeline;9. Jahrhundert
2014-09-17T16:08:28+02:00;netzwerke;select-epoch;timeline;9. Jahrhundert
2014-09-17T16:08:28+02:00;netzwerke;select-epoch;timeline;9. Jahrhundert
2014-09-17T16:08:29+02:00;netzwerke;select-epoch;timeline;9. Jahrhundert
2014-09-17T16:08:29+02:00;netzwerke;select-epoch;timeline;9. Jahrhundert
2014-09-17T16:08:29+02:00;netzwerke;select-epoch;timeline;9. Jahrhundert
2014-09-17T16:08:29+02:00;netzwerke;select-epoch;timeline;9. Jahrhundert
2014-09-17T16:08:29+02:00;netzwerke;select-epoch;timeline;9. Jahrhundert
2014-09-17T16:08:29+02:00;netzwerke;select-epoch;timeline;9. Jahrhundert
2014-09-17T16:08:29+02:00;netzwerke;select-epoch;timeline;9. Jahrhundert
2014-09-17T16:10:59+02:00;netzwerke;load;page;true
2014-09-17T16:11:00+02:00;netzwerke;load;data;true
2014-09-17T16:11:21+02:00;netzwerke;load;page;true
2014-09-17T16:11:21+02:00;netzwerke;load;data;true
2014-09-17T16:11:23+02:00;netzwerke;select-epoch;timeline;4. Jahrhundert
2014-09-17T16:11:23+02:00;netzwerke;select-epoch;timeline;5. Jahrhundert
2014-09-17T16:11:23+02:00;netzwerke;select-epoch;timeline;4. Jahrhundert
2014-09-17T16:11:24+02:00;netzwerke;select-epoch;timeline;5. Jahrhundert
2014-09-17T16:11:24+02:00;netzwerke;select-epoch;timeline;6. Jahrhundert
2014-09-17T16:11:24+02:00;netzwerke;select-epoch;timeline;7. Jahrhundert
2014-09-17T16:11:25+02:00;netzwerke;select-epoch;timeline;8. Jahrhundert
2014-09-17T16:11:25+02:00;netzwerke;select-epoch;timeline;7. Jahrhundert
2014-09-17T16:11:26+02:00;netzwerke;select-epoch;timeline;6. Jahrhundert
2014-09-17T16:11:27+02:00;netzwerke;select-epoch;timeline;5. Jahrhundert
2014-09-17T16:11:27+02:00;netzwerke;select-epoch;timeline;4. Jahrhundert
2014-09-17T16:11:28+02:00;netzwerke;select-epoch;timeline;3. Jahrhundert
2014-09-17T16:11:28+02:00;netzwerke;select-epoch;timeline;2. Jahrhundert
2014-09-17T16:11:29+02:00;netzwerke;select-epoch;timeline;1. Jahrhundert
2014-09-17T16:11:29+02:00;netzwerke;select-epoch;timeline;1. Jahrhundert vor Christus
2014-09-17T16:11:29+02:00;netzwerke;select-epoch;timeline;2. Jahrhundert vor Christus
2014-09-17T16:11:29+02:00;netzwerke;select-epoch;timeline;3. Jahrhundert vor Christus
2014-09-17T16:11:43+02:00;netzwerke;zoom_drag;canvas;scale:0.5, translate: -14.153083261050632,129.4341428644319
2014-09-17T16:11:43+02:00;netzwerke;zoom_drag;canvas;scale:0.5, translate: -14.153083261050632,129.4341428644319
2014-09-17T16:11:43+02:00;netzwerke;zoom_drag;canvas;scale:0.5, translate: 21.846916738949368,133.4341428644319
2014-09-17T16:11:44+02:00;netzwerke;select-epoch;timeline;1701 bis 1725
2014-09-17T16:11:46+02:00;netzwerke;select-epoch;timeline;1751 bis 1775
2014-09-17T16:11:47+02:00;netzwerke;select-epoch;timeline;1921 bis 1930
2014-09-17T16:11:48+02:00;netzwerke;select-epoch;timeline;1931 bis 1940
2014-09-17T16:11:49+02:00;netzwerke;select-epoch;timeline;1921 bis 1930
2014-09-17T16:11:49+02:00;netzwerke;select-epoch;timeline;1911 bis 1920
2014-09-17T16:11:49+02:00;netzwerke;select-epoch;timeline;1901 bis 1910
2014-09-17T16:11:49+02:00;netzwerke;select-epoch;timeline;1876 bis 1900
2014-09-17T16:11:49+02:00;netzwerke;select-epoch;timeline;1851 bis 1875
2014-09-17T16:11:50+02:00;netzwerke;select-epoch;timeline;1751 bis 1775
2014-09-17T16:11:50+02:00;netzwerke;select-epoch;timeline;1501 bis 1550
2014-09-17T16:11:50+02:00;netzwerke;select-epoch;timeline;1451 bis 1500
2014-09-17T16:11:51+02:00;netzwerke;zoom_drag;canvas;scale:0.5027804603656402, translate: 17.30279321761335,131.1565795986621
2014-09-17T16:11:53+02:00;netzwerke;select-epoch;timeline;1876 bis 1900
2014-09-17T16:11:55+02:00;netzwerke;select-epoch;timeline;1851 bis 1875
2014-09-17T16:11:58+02:00;netzwerke;zoom_drag;canvas;scale:0.5027804603656402, translate: 575.3027932176134,181.1565795986621
2014-09-17T16:11:58+02:00;netzwerke;zoom_drag;canvas;scale:0.5027804603656402, translate: 435.3027932176134,99.15657959866209
2014-09-17T16:11:59+02:00;netzwerke;zoom_drag;canvas;scale:0.5055763826509702, translate: 433.84195487436784,97.51697870967072
2014-09-17T16:11:59+02:00;netzwerke;zoom_drag;canvas;scale:0.8010929233521704, translate: 279.4378442934943,-75.78153727113764
2014-09-17T16:11:59+02:00;netzwerke;zoom_drag;canvas;scale:1.0281590632205837, translate: 160.7983079540918,-208.9389739930099
2014-09-17T16:11:59+02:00;netzwerke;zoom_drag;canvas;scale:1.0281590632205837, translate: -53.2016920459082,-42.93897399300991
2014-09-17T16:12:27+02:00;netzwerke;zoom_drag;canvas;scale:1.0281590632205837, translate: -149.2016920459082,-55.93897399300991
2014-09-17T16:12:28+02:00;netzwerke;zoom_drag;canvas;scale:1.0281590632205837, translate: -104.20169204590843,-178.9389739930099
2014-09-17T16:12:29+02:00;netzwerke;resize;window;1816,1013
2014-09-17T16:12:30+02:00;netzwerke;zoom_drag;canvas;scale:1.0281590632205837, translate: 241.79830795409157,172.0610260069901
2014-09-17T16:13:39+02:00;netzwerke;zoom_drag;canvas;scale:1.0281590632205837, translate: -257.20169204590843,150.0610260069901
2014-09-17T16:13:42+02:00;netzwerke;select-epoch;timeline;1826 bis 1850
2014-09-17T16:13:44+02:00;netzwerke;select-epoch;timeline;1801 bis 1825
2014-09-17T16:13:45+02:00;netzwerke;select-epoch;timeline;1826 bis 1850
2014-09-17T16:13:46+02:00;netzwerke;select-epoch;timeline;1851 bis 1875
2014-09-17T16:13:47+02:00;netzwerke;select-epoch;timeline;1876 bis 1900
2014-09-17T18:31:41+02:00;netzwerke;zoom_drag;canvas;scale:1.0281590632205837, translate: -10.20169204590843,428.0610260069901
2014-09-17T18:31:42+02:00;netzwerke;zoom_drag;canvas;scale:1.0338765742703009, translate: -16.04178040723241,427.733271044632
2014-09-17T18:31:42+02:00;netzwerke;zoom_drag;canvas;scale:1.0688555504951003, translate: -51.601504230246064,425.728109544078
2014-09-17T18:31:42+02:00;netzwerke;zoom_drag;canvas;scale:1.155144817953014, translate: -139.32341181192442,420.7815977906853
2014-09-17T18:31:42+02:00;netzwerke;zoom_drag;canvas;scale:1.312288533558093, translate: -299.07614704140906,411.77337163334255
2014-09-17T18:31:42+02:00;netzwerke;zoom_drag;canvas;scale:1.4420220866635185, translate: -432.0511013221576,404.33642652822414
2014-09-17T18:31:42+02:00;netzwerke;zoom_drag;canvas;scale:1.6656738707166199, translate: -661.2908395963516,391.5156411504193
2014-09-17T18:31:44+02:00;netzwerke;zoom_drag;canvas;scale:1.6656738707166199, translate: -636.2908395963516,413.5156411504193
2014-09-17T18:31:48+02:00;netzwerke;zoom_drag;canvas;scale:1.6656738707166199, translate: -636.2908395963516,413.5156411504193
2014-09-17T18:31:48+02:00;netzwerke;zoom_drag;canvas;scale:1.6656738707166199, translate: -636.2908395963516,413.5156411504193
2014-09-17T18:31:48+02:00;netzwerke;zoom_drag;canvas;scale:2, translate: -936.0170675654481,415.2248601003216
2014-09-17T18:31:49+02:00;netzwerke;zoom_drag;canvas;scale:2, translate: -936.0170675654481,415.2248601003216
2014-09-17T18:31:49+02:00;netzwerke;zoom_drag;canvas;scale:2, translate: -937.0170675654481,416.2248601003216
2014-09-17T18:31:49+02:00;netzwerke;zoom_drag;canvas;scale:4, translate: -2730.034135130896,426.44972020064324
2014-09-17T18:31:49+02:00;netzwerke;zoom_drag;canvas;scale:2.728231956332189, translate: -1592.426767077879,421.2196630810295
2014-09-17T18:31:49+02:00;netzwerke;zoom_drag;canvas;scale:2.1494168673254044, translate: -1074.6717304791034,418.8393265155115
2014-09-17T18:31:50+02:00;netzwerke;zoom_drag;canvas;scale:0.6137976217269109, translate: 298.9527893497378,412.524199784307
2014-09-17T18:31:50+02:00;netzwerke;zoom_drag;canvas;scale:0.5, translate: 400.745733108638,412.0562150250804
2014-09-17T18:31:50+02:00;netzwerke;zoom_drag;canvas;scale:0.7290214673909412, translate: 195.88407610799925,412.9980497897108
2014-09-17T18:31:50+02:00;netzwerke;zoom_drag;canvas;scale:0.9356592813775911, translate: 11.328233539387497,413.84783334544903
2014-09-17T18:31:51+02:00;netzwerke;zoom_drag;canvas;scale:1.1173419706883272, translate: -149.13406625784842,414.4074185705807
2014-09-17T18:31:51+02:00;netzwerke;zoom_drag;canvas;scale:1.1235554208170575, translate: -154.56783134414184,414.40968419295615
2014-09-17T18:31:51+02:00;netzwerke;zoom_drag;canvas;scale:1.29063718402313, translate: -300.6836015935178,414.4706075404373
2014-09-17T18:31:51+02:00;netzwerke;zoom_drag;canvas;scale:1.2978143150963255, translate: -306.9323170290188,414.4398590272775
2014-09-17T18:31:52+02:00;netzwerke;zoom_drag;canvas;scale:1.3050313576264971, translate: -313.2157810757292,414.40337860334216
2014-09-17T18:31:52+02:00;netzwerke;zoom_drag;canvas;scale:1.3417230535296332, translate: -345.161131412289,414.21791085587404
2014-09-17T18:31:52+02:00;netzwerke;zoom_drag;canvas;scale:1.410387221482034, translate: -404.9430751686789,413.87082990885193
2014-09-17T18:31:53+02:00;netzwerke;zoom_drag;canvas;scale:1.4182302730211065, translate: -411.80493479660436,413.77557595178246
2014-09-17T18:31:53+02:00;netzwerke;zoom_drag;canvas;scale:1.4581046205562906, translate: -446.69086843843615,413.2913015122523
2014-09-17T18:31:53+02:00;netzwerke;zoom_drag;canvas;scale:1.7704441433545468, translate: -719.9556750022748,409.49793417971404
2014-09-17T18:31:53+02:00;netzwerke;zoom_drag;canvas;scale:1.780289442894901, translate: -728.5692947272291,409.37836289612864
2014-09-17T18:31:54+02:00;netzwerke;zoom_drag;canvas;scale:1.7901894913655747, translate: -737.7312969744987,409.3304186556201
2014-09-17T18:31:54+02:00;netzwerke;zoom_drag;canvas;scale:1.7901894913655747, translate: -763.7312969744987,403.3304186556201
2014-09-17T18:33:13+02:00;netzwerke;zoom_drag;canvas;scale:1.780289442894901, translate: -757.7214904336063,403.7322936421078
2014-09-17T18:45:26+02:00;netzwerke;zoom_drag;canvas;scale:10, translate: -5735.9204101057985,859.6789027160553
2014-09-17T18:45:26+02:00;netzwerke;zoom_drag;canvas;scale:10, translate: -5735.9204101057985,859.6789027160553
2014-09-17T18:45:26+02:00;netzwerke;zoom_drag;canvas;scale:5.494070261203483, translate: -2935.2369934381322,639.1503300267224
2014-09-17T18:45:27+02:00;netzwerke;zoom_drag;canvas;scale:5.4636871301720795, translate: -2915.233065508897,638.4969388635342
2014-09-17T18:45:27+02:00;netzwerke;zoom_drag;canvas;scale:5.433472022956788, translate: -2895.8651286109516,637.531941492549
2014-09-17T18:45:27+02:00;netzwerke;zoom_drag;canvas;scale:5.433472022956788, translate: -3432.8651286109516,336.531941492549
2014-09-17T18:45:28+02:00;netzwerke;zoom_drag;canvas;scale:3.035266335981228, translate: -1559.72371126478,464.7376535775892
2014-09-17T18:45:28+02:00;netzwerke;zoom_drag;canvas;scale:2.237358214362111, translate: -936.5099652718216,507.393035251554
2014-09-17T18:45:28+02:00;netzwerke;zoom_drag;canvas;scale:2.249799986039658, translate: -946.2888997938646,506.7557150053352
